Entity,Year,"Gross domestic product, constant prices - Percent change - Observations"
Afghanistan,2021,-20.737
Afghanistan,2020,-2.351
Afghanistan,2019,3.912
Afghanistan,2018,1.189
Afghanistan,2017,2.647
Afghanistan,2016,2.164
Afghanistan,2015,0.988
Afghanistan,2014,2.697
Afghanistan,2013,5.683
Afghanistan,2012,13.968
Afghanistan,2011,6.479
Afghanistan,2010,8.438
Albania,2023,3.607
Albania,2022,4.844
Albania,2021,8.909
Albania,2020,-3.302
Albania,2019,2.088
Albania,2018,4.019
Albania,2017,3.802
Albania,2016,3.315
Albania,2015,2.219
Albania,2014,1.774
Albania,2013,1.002
Albania,2012,1.418
Albania,2011,2.545
Albania,2010,3.707
Algeria,2023,3.835
Algeria,2022,3.2
Algeria,2021,3.4
Algeria,2020,-5.1
Algeria,2019,1
Algeria,2018,1.2
Algeria,2017,1.4
Algeria,2016,3.2
Algeria,2015,3.7
Algeria,2014,3.8
Algeria,2013,2.8
Algeria,2012,3.4
Algeria,2011,2.9
Algeria,2010,3.616
Andorra,2023,2.05
Andorra,2022,8.811
Andorra,2021,8.287
Andorra,2020,-11.184
Andorra,2019,2.016
Andorra,2018,1.589
Andorra,2017,0.346
Andorra,2016,3.71
Andorra,2015,1.434
Andorra,2014,2.504
Andorra,2013,-3.548
Andorra,2012,-4.974
Andorra,2011,-0.008
Andorra,2010,-1.975
Angola,2023,1.255
Angola,2022,3.046
Angola,2021,1.199
Angola,2020,-5.638
Angola,2019,-0.702
Angola,2018,-1.316
Angola,2017,-0.15
Angola,2016,-2.58
Angola,2015,0.944
Angola,2014,4.823
Angola,2013,4.955
Angola,2012,8.542
Angola,2011,3.472
Angola,2010,4.859
Antigua and Barbuda,2023,5.592
Antigua and Barbuda,2022,8.459
Antigua and Barbuda,2021,6.556
Antigua and Barbuda,2020,-17.503
Antigua and Barbuda,2019,4.344
Antigua and Barbuda,2018,6.824
Antigua and Barbuda,2017,3.144
Antigua and Barbuda,2016,5.497
Antigua and Barbuda,2015,3.824
Antigua and Barbuda,2014,3.797
Antigua and Barbuda,2013,-0.601
Antigua and Barbuda,2012,3.372
Antigua and Barbuda,2011,-1.959
Antigua and Barbuda,2010,-7.841
Argentina,2023,-2.5
Argentina,2022,4.956
Argentina,2021,10.718
Argentina,2020,-9.9
Argentina,2019,-2.001
Argentina,2018,-2.617
Argentina,2017,2.819
Argentina,2016,-2.08
Argentina,2015,2.731
Argentina,2014,-2.513
Argentina,2013,2.405
Argentina,2012,-1.026
Argentina,2011,6.004
Argentina,2010,10.125
Armenia,2023,7.032
Armenia,2022,12.604
Armenia,2021,5.684
Armenia,2020,-7.151
Armenia,2019,7.631
Armenia,2018,5.225
Armenia,2017,7.518
Armenia,2016,0.195
Armenia,2015,3.254
Armenia,2014,3.607
Armenia,2013,3.412
Armenia,2012,7.134
Armenia,2011,4.7
Armenia,2010,2.2
Aruba,2023,2.3
Aruba,2022,10.458
Aruba,2021,27.639
Aruba,2020,-23.983
Aruba,2019,-2.303
Aruba,2018,2.382
Aruba,2017,0.732
Aruba,2016,2.11
Aruba,2015,3.551
Aruba,2014,-0.015
Aruba,2013,6.431
Aruba,2012,-1.041
Aruba,2011,3.369
Aruba,2010,-2.733
Australia,2023,1.777
Australia,2022,3.692
Australia,2021,5.206
Australia,2020,-1.83
Australia,2019,1.948
Australia,2018,2.815
Australia,2017,2.381
Australia,2016,2.693
Australia,2015,2.283
Australia,2014,2.559
Australia,2013,2.203
Australia,2012,3.768
Australia,2011,2.765
Australia,2010,2.413
Austria,2023,0.095
Austria,2022,4.849
Austria,2021,4.557
Austria,2020,-6.454
Austria,2019,1.517
Austria,2018,2.425
Austria,2017,2.259
Austria,2016,1.989
Austria,2015,1.015
Austria,2014,0.661
Austria,2013,0.026
Austria,2012,0.68
Austria,2011,2.923
Austria,2010,1.837
Azerbaijan,2023,2.514
Azerbaijan,2022,4.577
Azerbaijan,2021,5.616
Azerbaijan,2020,-4.199
Azerbaijan,2019,2.48
Azerbaijan,2018,1.47
Azerbaijan,2017,0.154
Azerbaijan,2016,-3.064
Azerbaijan,2015,1.08
Azerbaijan,2014,2.768
Azerbaijan,2013,5.843
Azerbaijan,2012,2.203
Azerbaijan,2011,0.1
Azerbaijan,2010,5
Bahamas,2023,4.306
Bahamas,2022,14.369
Bahamas,2021,16.985
Bahamas,2020,-23.508
Bahamas,2019,-0.744
Bahamas,2018,2.918
Bahamas,2017,2.524
Bahamas,2016,-0.763
Bahamas,2015,0.997
Bahamas,2014,1.847
Bahamas,2013,-2.863
Bahamas,2012,3.499
Bahamas,2011,0.613
Bahamas,2010,1.539
Bahrain,2023,2.744
Bahrain,2022,4.891
Bahrain,2021,2.591
Bahrain,2020,-4.645
Bahrain,2019,2.167
Bahrain,2018,2.11
Bahrain,2017,4.292
Bahrain,2016,3.558
Bahrain,2015,2.485
Bahrain,2014,4.351
Bahrain,2013,5.416
Bahrain,2012,3.728
Bahrain,2011,1.984
Bahrain,2010,4.337
Bangladesh,2023,6.025
Bangladesh,2022,7.1
Bangladesh,2021,6.939
Bangladesh,2020,3.448
Bangladesh,2019,7.882
Bangladesh,2018,7.319
Bangladesh,2017,6.59
Bangladesh,2016,7.114
Bangladesh,2015,6.553
Bangladesh,2014,6.061
Bangladesh,2013,6.014
Bangladesh,2012,6.521
Bangladesh,2011,6.464
Bangladesh,2010,5.572
Barbados,2023,4.5
Barbados,2022,9.8
Barbados,2021,-0.189
Barbados,2020,-13.311
Barbados,2019,-0.523
Barbados,2018,-0.583
Barbados,2017,0.478
Barbados,2016,2.485
Barbados,2015,2.446
Barbados,2014,-0.126
Barbados,2013,-1.411
Barbados,2012,-0.45
Barbados,2011,-0.673
Barbados,2010,-2.288
Belarus,2023,1.629
Belarus,2022,-3.664
Belarus,2021,2.273
Belarus,2020,-0.673
Belarus,2019,1.446
Belarus,2018,3.138
Belarus,2017,2.541
Belarus,2016,-2.536
Belarus,2015,-3.83
Belarus,2014,1.686
Belarus,2013,0.962
Belarus,2012,1.629
Belarus,2011,5.29
Belarus,2010,7.805
Belgium,2023,1.001
Belgium,2022,3.248
Belgium,2021,6.286
Belgium,2020,-5.363
Belgium,2019,2.262
Belgium,2018,1.793
Belgium,2017,1.62
Belgium,2016,1.267
Belgium,2015,2.041
Belgium,2014,1.579
Belgium,2013,0.459
Belgium,2012,0.739
Belgium,2011,1.694
Belgium,2010,2.865
Belize,2023,4.007
Belize,2022,12.726
Belize,2021,15.208
Belize,2020,-13.392
Belize,2019,4.492
Belize,2018,1.123
Belize,2017,-1.712
Belize,2016,0.12
Belize,2015,3.371
Belize,2014,4.088
Belize,2013,4.534
Belize,2012,3.853
Belize,2011,-0.117
Belize,2010,1.255
Benin,2023,5.501
Benin,2022,6.253
Benin,2021,7.155
Benin,2020,3.849
Benin,2019,6.866
Benin,2018,6.697
Benin,2017,5.672
Benin,2016,3.34
Benin,2015,1.778
Benin,2014,6.358
Benin,2013,7.191
Benin,2012,4.811
Benin,2011,2.964
Benin,2010,2.114
Bhutan,2023,5.328
Bhutan,2022,4.757
Bhutan,2021,-3.332
Bhutan,2020,-2.348
Bhutan,2019,4.425
Bhutan,2018,3.835
Bhutan,2017,6.322
Bhutan,2016,7.408
Bhutan,2015,6.221
Bhutan,2014,3.968
Bhutan,2013,3.582
Bhutan,2012,6.495
Bhutan,2011,9.866
Bhutan,2010,9.484
Bolivia,2023,1.8
Bolivia,2022,3.478
Bolivia,2021,6.106
Bolivia,2020,-8.738
Bolivia,2019,2.217
Bolivia,2018,4.224
Bolivia,2017,4.195
Bolivia,2016,4.264
Bolivia,2015,4.857
Bolivia,2014,5.461
Bolivia,2013,6.796
Bolivia,2012,5.122
Bolivia,2011,5.204
Bolivia,2010,4.127
Bosnia and Herzegovina,2023,2
Bosnia and Herzegovina,2022,4.106
Bosnia and Herzegovina,2021,7.39
Bosnia and Herzegovina,2020,-3.015
Bosnia and Herzegovina,2019,2.886
Bosnia and Herzegovina,2018,3.829
Bosnia and Herzegovina,2017,3.244
Bosnia and Herzegovina,2016,3.242
Bosnia and Herzegovina,2015,4.314
Bosnia and Herzegovina,2014,1.148
Bosnia and Herzegovina,2013,2.351
Bosnia and Herzegovina,2012,-0.707
Bosnia and Herzegovina,2011,0.908
Bosnia and Herzegovina,2010,0.767
Botswana,2023,3.841
Botswana,2022,5.782
Botswana,2021,11.867
Botswana,2020,-8.726
Botswana,2019,3.033
Botswana,2018,4.19
Botswana,2017,4.113
Botswana,2016,7.202
Botswana,2015,-4.851
Botswana,2014,5.697
Botswana,2013,11.103
Botswana,2012,-0.171
Botswana,2011,6.839
Botswana,2010,10.122
Brazil,2023,3.084
Brazil,2022,2.901
Brazil,2021,4.989
Brazil,2020,-3.277
Brazil,2019,1.221
Brazil,2018,1.784
Brazil,2017,1.323
Brazil,2016,-3.276
Brazil,2015,-3.546
Brazil,2014,0.504
Brazil,2013,3.005
Brazil,2012,1.921
Brazil,2011,3.974
Brazil,2010,7.528
Brunei,2023,-0.768
Brunei,2022,-1.628
Brunei,2021,-1.591
Brunei,2020,1.134
Brunei,2019,3.869
Brunei,2018,0.052
Brunei,2017,1.329
Brunei,2016,-2.465
Brunei,2015,-0.405
Brunei,2014,-2.508
Brunei,2013,-2.125
Brunei,2012,0.913
Brunei,2011,3.744
Brunei,2010,2.599
Bulgaria,2023,1.663
Bulgaria,2022,3.361
Bulgaria,2021,7.635
Bulgaria,2020,-3.959
Bulgaria,2019,4.038
Bulgaria,2018,2.685
Bulgaria,2017,2.762
Bulgaria,2016,3.04
Bulgaria,2015,3.428
Bulgaria,2014,0.967
Bulgaria,2013,-0.56
Bulgaria,2012,0.755
Bulgaria,2011,2.101
Bulgaria,2010,1.542
Burkina Faso,2023,4.371
Burkina Faso,2022,1.481
Burkina Faso,2021,6.905
Burkina Faso,2020,1.931
Burkina Faso,2019,5.689
Burkina Faso,2018,6.603
Burkina Faso,2017,6.203
Burkina Faso,2016,5.958
Burkina Faso,2015,3.921
Burkina Faso,2014,4.327
Burkina Faso,2013,5.793
Burkina Faso,2012,6.453
Burkina Faso,2011,6.623
Burkina Faso,2010,8.446
Burundi,2023,3.336
Burundi,2022,1.827
Burundi,2021,3.119
Burundi,2020,0.335
Burundi,2019,1.842
Burundi,2018,1.61
Burundi,2017,0.5
Burundi,2016,-0.6
Burundi,2015,-3.9
Burundi,2014,4.241
Burundi,2013,4.924
Burundi,2012,4.447
Burundi,2011,4.033
Burundi,2010,5.124
Cambodia,2023,5.647
Cambodia,2022,5.239
Cambodia,2021,3.026
Cambodia,2020,-3.096
Cambodia,2019,7.054
Cambodia,2018,7.469
Cambodia,2017,6.997
Cambodia,2016,6.863
Cambodia,2015,7.036
Cambodia,2014,7.143
Cambodia,2013,7.357
Cambodia,2012,7.313
Cambodia,2011,7.07
Cambodia,2010,5.963
Cameroon,2023,3.98
Cameroon,2022,3.775
Cameroon,2021,3.649
Cameroon,2020,0.539
Cameroon,2019,3.422
Cameroon,2018,4.022
Cameroon,2017,3.541
Cameroon,2016,4.479
Cameroon,2015,5.6
Cameroon,2014,5.779
Cameroon,2013,4.987
Cameroon,2012,4.508
Cameroon,2011,3.484
Cameroon,2010,2.935
Canada,2023,1.292
Canada,2022,3.438
Canada,2021,5.012
Canada,2020,-5.074
Canada,2019,1.888
Canada,2018,2.777
Canada,2017,3.04
Canada,2016,1.001
Canada,2015,0.659
Canada,2014,2.87
Canada,2013,2.329
Canada,2012,1.761
Canada,2011,3.146
Canada,2010,3.09
Cape Verde,2023,4.411
Cape Verde,2022,17.004
Cape Verde,2021,6.415
Cape Verde,2020,-19.598
Cape Verde,2019,6.948
Cape Verde,2018,3.707
Cape Verde,2017,4.551
Cape Verde,2016,4.281
Cape Verde,2015,0.936
Cape Verde,2014,0.697
Cape Verde,2013,0.632
Cape Verde,2012,1.084
Cape Verde,2011,3.925
Cape Verde,2010,1.836
Central African Republic,2023,0.96
Central African Republic,2022,0.472
Central African Republic,2021,0.983
Central African Republic,2020,0.959
Central African Republic,2019,2.97
Central African Republic,2018,3.82
Central African Republic,2017,4.528
Central African Republic,2016,4.75
Central African Republic,2015,4.338
Central African Republic,2014,0.08
Central African Republic,2013,-36.392
Central African Republic,2012,5.054
Central African Republic,2011,4.195
Central African Republic,2010,4.631
Chad,2023,4
Chad,2022,3.394
Chad,2021,-1.187
Chad,2020,-2.142
Chad,2019,3.419
Chad,2018,2.355
Chad,2017,-2.38
Chad,2016,-5.558
Chad,2015,1.77
Chad,2014,6.893
Chad,2013,5.753
Chad,2012,8.807
Chad,2011,0.12
Chad,2010,13.598
Chile,2023,-0.532
Chile,2022,2.44
Chile,2021,11.737
Chile,2020,-6.145
Chile,2019,0.743
Chile,2018,3.99
Chile,2017,1.358
Chile,2016,1.753
Chile,2015,2.152
Chile,2014,1.793
Chile,2013,3.309
Chile,2012,6.155
Chile,2011,6.224
Chile,2010,5.852
China,2023,5.01
China,2022,2.989
China,2021,8.45
China,2020,2.242
China,2019,5.951
China,2018,6.751
China,2017,6.947
China,2016,6.851
China,2015,7.018
China,2014,7.391
China,2013,7.771
China,2012,7.848
China,2011,9.551
China,2010,10.611
Colombia,2023,1.442
Colombia,2022,7.257
Colombia,2021,11.016
Colombia,2020,-7.252
Colombia,2019,3.187
Colombia,2018,2.565
Colombia,2017,1.359
Colombia,2016,2.087
Colombia,2015,2.956
Colombia,2014,4.499
Colombia,2013,5.134
Colombia,2012,3.913
Colombia,2011,6.948
Colombia,2010,4.495
Comoros,2023,3.004
Comoros,2022,2.598
Comoros,2021,2.112
Comoros,2020,-0.196
Comoros,2019,1.761
Comoros,2018,3.642
Comoros,2017,3.816
Comoros,2016,3.32
Comoros,2015,1.147
Comoros,2014,2.107
Comoros,2013,4.466
Comoros,2012,3.168
Comoros,2011,4.144
Comoros,2010,3.778
Congo,2023,4.033
Congo,2022,1.75
Congo,2021,1.057
Congo,2020,-6.268
Congo,2019,1.124
Congo,2018,-2.304
Congo,2017,-5.595
Congo,2016,-4.994
Congo,2015,-3.551
Congo,2014,6.717
Congo,2013,-0.712
Congo,2012,9.947
Congo,2011,2.206
Congo,2010,9.931
Costa Rica,2023,4.415
Costa Rica,2022,4.305
Costa Rica,2021,7.781
Costa Rica,2020,-4.273
Costa Rica,2019,2.418
Costa Rica,2018,2.616
Costa Rica,2017,4.158
Costa Rica,2016,4.204
Costa Rica,2015,3.652
Costa Rica,2014,3.542
Costa Rica,2013,2.495
Costa Rica,2012,4.883
Costa Rica,2011,4.403
Costa Rica,2010,5.36
Cote d'Ivoire,2023,6.2
Cote d'Ivoire,2022,6.7
Cote d'Ivoire,2021,7
Cote d'Ivoire,2020,1.738
Cote d'Ivoire,2019,6.518
Cote d'Ivoire,2018,4.843
Cote d'Ivoire,2017,7.411
Cote d'Ivoire,2016,7.173
Cote d'Ivoire,2015,8.843
Cote d'Ivoire,2014,8.794
Cote d'Ivoire,2013,9.272
Cote d'Ivoire,2012,10.864
Cote d'Ivoire,2011,-4.857
Cote d'Ivoire,2010,2.018
Croatia,2023,2.7
Croatia,2022,6.219
Croatia,2021,13.086
Croatia,2020,-8.53
Croatia,2019,3.42
Croatia,2018,2.799
Croatia,2017,3.414
Croatia,2016,3.56
Croatia,2015,2.524
Croatia,2014,-0.431
Croatia,2013,-0.398
Croatia,2012,-2.328
Croatia,2011,-0.091
Croatia,2010,-1.221
Cyprus,2023,2.247
Cyprus,2022,5.633
Cyprus,2021,6.629
Cyprus,2020,-4.366
Cyprus,2019,5.534
Cyprus,2018,5.643
Cyprus,2017,5.734
Cyprus,2016,6.575
Cyprus,2015,3.418
Cyprus,2014,-1.777
Cyprus,2013,-6.587
Cyprus,2012,-3.447
Cyprus,2011,0.416
Cyprus,2010,2.282
Czechia,2023,0.183
Czechia,2022,2.342
Czechia,2021,3.553
Czechia,2020,-5.503
Czechia,2019,3.03
Czechia,2018,3.22
Czechia,2017,5.169
Czechia,2016,2.537
Czechia,2015,5.388
Czechia,2014,2.262
Czechia,2013,-0.046
Czechia,2012,-0.785
Czechia,2011,1.76
Czechia,2010,2.435
Democratic Republic of Congo,2023,6.734
Democratic Republic of Congo,2022,8.917
Democratic Republic of Congo,2021,6.227
Democratic Republic of Congo,2020,1.671
Democratic Republic of Congo,2019,4.485
Democratic Republic of Congo,2018,4.825
Democratic Republic of Congo,2017,3.658
Democratic Republic of Congo,2016,0.394
Democratic Republic of Congo,2015,6.36
Democratic Republic of Congo,2014,7.302
Democratic Republic of Congo,2013,9.624
Democratic Republic of Congo,2012,8.669
Democratic Republic of Congo,2011,7.593
Democratic Republic of Congo,2010,7.843
Denmark,2023,1.7
Denmark,2022,2.731
Denmark,2021,6.845
Denmark,2020,-2.423
Denmark,2019,1.493
Denmark,2018,1.991
Denmark,2017,2.819
Denmark,2016,3.248
Denmark,2015,2.343
Denmark,2014,1.616
Denmark,2013,0.935
Denmark,2012,0.229
Denmark,2011,1.336
Denmark,2010,1.868
Djibouti,2023,5
Djibouti,2022,3.185
Djibouti,2021,4.522
Djibouti,2020,1.316
Djibouti,2019,5.545
Djibouti,2018,4.774
Djibouti,2017,5.458
Djibouti,2016,7.123
Djibouti,2015,7.309
Djibouti,2014,7.193
Djibouti,2013,5.001
Djibouti,2012,4.842
Djibouti,2011,7.293
Djibouti,2010,4.147
Dominica,2023,4.624
Dominica,2022,5.711
Dominica,2021,6.892
Dominica,2020,-16.605
Dominica,2019,5.502
Dominica,2018,3.548
Dominica,2017,-6.619
Dominica,2016,2.764
Dominica,2015,-2.732
Dominica,2014,4.754
Dominica,2013,-1
Dominica,2012,-1.059
Dominica,2011,-0.224
Dominica,2010,0.673
Dominican Republic,2023,2.966
Dominican Republic,2022,4.858
Dominican Republic,2021,12.272
Dominican Republic,2020,-6.72
Dominican Republic,2019,5.052
Dominican Republic,2018,6.983
Dominican Republic,2017,4.667
Dominican Republic,2016,6.659
Dominican Republic,2015,6.927
Dominican Republic,2014,7.05
Dominican Republic,2013,4.875
Dominican Republic,2012,2.717
Dominican Republic,2011,3.133
Dominican Republic,2010,8.34
East Timor,2023,1.5
East Timor,2022,3.9
East Timor,2021,2.853
East Timor,2020,-8.282
East Timor,2019,2.081
East Timor,2018,-0.69
East Timor,2017,-3.058
East Timor,2016,3.385
East Timor,2015,2.761
East Timor,2014,4.512
East Timor,2013,3.068
East Timor,2012,4.853
East Timor,2011,5.956
East Timor,2010,9.329
Ecuador,2023,1.372
Ecuador,2022,2.948
Ecuador,2021,4.235
Ecuador,2020,-7.788
Ecuador,2019,0.012
Ecuador,2018,1.289
Ecuador,2017,2.368
Ecuador,2016,-1.226
Ecuador,2015,0.099
Ecuador,2014,3.789
Ecuador,2013,4.947
Ecuador,2012,5.642
Ecuador,2011,7.868
Ecuador,2010,3.525
Egypt,2023,4.157
Egypt,2022,6.653
Egypt,2021,3.253
Egypt,2020,3.573
Egypt,2019,5.548
Egypt,2018,5.327
Egypt,2017,4.191
Egypt,2016,4.34
Egypt,2015,4.36
Egypt,2014,2.93
Egypt,2013,3.302
Egypt,2012,2.226
Egypt,2011,1.765
Egypt,2010,5.147
El Salvador,2023,2.2
El Salvador,2022,2.6
El Salvador,2021,11.178
El Salvador,2020,-7.878
El Salvador,2019,2.456
El Salvador,2018,2.422
El Salvador,2017,2.262
El Salvador,2016,2.515
El Salvador,2015,2.4
El Salvador,2014,1.704
El Salvador,2013,2.235
El Salvador,2012,2.834
El Salvador,2011,3.801
El Salvador,2010,2.096
Equatorial Guinea,2023,-6.221
Equatorial Guinea,2022,3.246
Equatorial Guinea,2021,-0.377
Equatorial Guinea,2020,-4.788
Equatorial Guinea,2019,-5.482
Equatorial Guinea,2018,-6.237
Equatorial Guinea,2017,-5.668
Equatorial Guinea,2016,-8.816
Equatorial Guinea,2015,-9.11
Equatorial Guinea,2014,0.415
Equatorial Guinea,2013,-4.133
Equatorial Guinea,2012,8.313
Equatorial Guinea,2011,6.524
Equatorial Guinea,2010,-8.924
Eritrea,2019,3.836
Eritrea,2018,13.032
Eritrea,2017,-10.015
Eritrea,2016,7.391
Eritrea,2015,-20.621
Eritrea,2014,30.934
Eritrea,2013,-10.456
Eritrea,2012,1.886
Eritrea,2011,25.71
Eritrea,2010,10.853
Estonia,2023,-2.269
Estonia,2022,-0.461
Estonia,2021,7.249
Estonia,2020,-0.965
Estonia,2019,4.034
Estonia,2018,3.784
Estonia,2017,5.792
Estonia,2016,3.155
Estonia,2015,1.853
Estonia,2014,3.011
Estonia,2013,1.458
Estonia,2012,3.228
Estonia,2011,7.263
Estonia,2010,2.444
Eswatini,2023,3.063
Eswatini,2022,3.563
Eswatini,2021,7.883
Eswatini,2020,-1.56
Eswatini,2019,2.704
Eswatini,2018,2.369
Eswatini,2017,2.027
Eswatini,2016,1.063
Eswatini,2015,2.227
Eswatini,2014,0.923
Eswatini,2013,3.861
Eswatini,2012,5.397
Eswatini,2011,2.247
Eswatini,2010,3.794
Ethiopia,2023,6.109
Ethiopia,2022,6.358
Ethiopia,2021,6.265
Ethiopia,2020,6.057
Ethiopia,2019,9.037
Ethiopia,2018,7.703
Ethiopia,2017,10.21
Ethiopia,2016,8
Ethiopia,2015,10.4
Ethiopia,2014,10.3
Ethiopia,2013,9.9
Ethiopia,2012,8.7
Ethiopia,2011,11.4
Ethiopia,2010,10.6
Fiji,2023,7.459
Fiji,2022,20.016
Fiji,2021,-4.881
Fiji,2020,-17.04
Fiji,2019,-0.581
Fiji,2018,3.812
Fiji,2017,5.353
Fiji,2016,2.446
Fiji,2015,4.501
Fiji,2014,5.604
Fiji,2013,4.734
Fiji,2012,1.411
Fiji,2011,2.7
Fiji,2010,3
Finland,2023,-0.129
Finland,2022,1.605
Finland,2021,3.17
Finland,2020,-2.355
Finland,2019,1.224
Finland,2018,1.14
Finland,2017,3.192
Finland,2016,2.811
Finland,2015,0.544
Finland,2014,-0.365
Finland,2013,-0.902
Finland,2012,-1.397
Finland,2011,2.547
Finland,2010,3.186
France,2023,0.951
France,2022,2.522
France,2021,6.37
France,2020,-7.682
France,2019,1.889
France,2018,1.818
France,2017,2.46
France,2016,0.981
France,2015,1.049
France,2014,0.963
France,2013,0.699
France,2012,0.362
France,2011,2.23
France,2010,1.799
Gabon,2023,2.762
Gabon,2022,3.037
Gabon,2021,1.468
Gabon,2020,-1.815
Gabon,2019,3.823
Gabon,2018,0.909
Gabon,2017,0.473
Gabon,2016,2.091
Gabon,2015,3.879
Gabon,2014,4.435
Gabon,2013,5.517
Gabon,2012,5.251
Gabon,2011,7.092
Gabon,2010,6.27
Gambia,2023,5.555
Gambia,2022,4.905
Gambia,2021,5.256
Gambia,2020,0.591
Gambia,2019,6.222
Gambia,2018,7.235
Gambia,2017,4.823
Gambia,2016,1.943
Gambia,2015,4.058
Gambia,2014,-1.407
Gambia,2013,2.873
Gambia,2012,5.242
Gambia,2011,-8.13
Gambia,2010,5.908
Georgia,2023,6.193
Georgia,2022,10.109
Georgia,2021,10.466
Georgia,2020,-6.76
Georgia,2019,4.982
Georgia,2018,4.843
Georgia,2017,4.843
Georgia,2016,2.906
Georgia,2015,3.027
Georgia,2014,4.441
Georgia,2013,3.616
Georgia,2012,6.417
Georgia,2011,7.361
Georgia,2010,6.191
Germany,2023,-0.535
Germany,2022,1.804
Germany,2021,3.169
Germany,2020,-3.829
Germany,2019,1.071
Germany,2018,0.984
Germany,2017,2.68
Germany,2016,2.23
Germany,2015,1.487
Germany,2014,2.217
Germany,2013,0.432
Germany,2012,0.427
Germany,2011,3.914
Germany,2010,4.185
Ghana,2023,1.16
Ghana,2022,3.078
Ghana,2021,5.076
Ghana,2020,0.514
Ghana,2019,6.508
Ghana,2018,6.2
Ghana,2017,8.129
Ghana,2016,3.373
Ghana,2015,2.121
Ghana,2014,2.856
Ghana,2013,7.242
Ghana,2012,8.428
Ghana,2011,13.949
Ghana,2010,7.768
Greece,2023,2.462
Greece,2022,5.914
Greece,2021,8.434
Greece,2020,-9.004
Greece,2019,1.884
Greece,2018,1.668
Greece,2017,1.092
Greece,2016,-0.487
Greece,2015,-0.196
Greece,2014,0.476
Greece,2013,-2.516
Greece,2012,-7.087
Greece,2011,-10.149
Greece,2010,-5.478
Grenada,2023,3.87
Grenada,2022,6.354
Grenada,2021,4.689
Grenada,2020,-13.757
Grenada,2019,0.677
Grenada,2018,4.361
Grenada,2017,4.439
Grenada,2016,3.74
Grenada,2015,6.445
Grenada,2014,7.342
Grenada,2013,2.351
Grenada,2012,-1.155
Grenada,2011,0.765
Grenada,2010,-0.511
Guatemala,2023,3.432
Guatemala,2022,4.118
Guatemala,2021,8.002
Guatemala,2020,-1.792
Guatemala,2019,4.018
Guatemala,2018,3.407
Guatemala,2017,3.08
Guatemala,2016,2.678
Guatemala,2015,4.092
Guatemala,2014,4.444
Guatemala,2013,3.695
Guatemala,2012,2.975
Guatemala,2011,4.164
Guatemala,2010,2.884
Guinea,2023,5.928
Guinea,2022,4.287
Guinea,2021,5.048
Guinea,2020,4.704
Guinea,2019,5.617
Guinea,2018,6.358
Guinea,2017,10.3
Guinea,2016,10.821
Guinea,2015,3.826
Guinea,2014,3.697
Guinea,2013,3.946
Guinea,2012,5.913
Guinea,2011,5.614
Guinea,2010,4.219
Guinea-Bissau,2023,4.5
Guinea-Bissau,2022,4.2
Guinea-Bissau,2021,6.4
Guinea-Bissau,2020,1.5
Guinea-Bissau,2019,4.5
Guinea-Bissau,2018,3.761
Guinea-Bissau,2017,4.789
Guinea-Bissau,2016,5.307
Guinea-Bissau,2015,6.134
Guinea-Bissau,2014,0.965
Guinea-Bissau,2013,3.256
Guinea-Bissau,2012,-1.713
Guinea-Bissau,2011,8.085
Guinea-Bissau,2010,5.605
Guyana,2023,38.432
Guyana,2022,62.288
Guyana,2021,20.06
Guyana,2020,43.48
Guyana,2019,5.353
Guyana,2018,4.441
Guyana,2017,3.734
Guyana,2016,3.807
Guyana,2015,0.687
Guyana,2014,1.686
Guyana,2013,3.653
Guyana,2012,5.039
Guyana,2011,5.437
Guyana,2010,4.371
Haiti,2023,-1.5
Haiti,2022,-1.682
Haiti,2021,-1.798
Haiti,2020,-3.343
Haiti,2019,-1.685
Haiti,2018,1.668
Haiti,2017,2.51
Haiti,2016,1.812
Haiti,2015,2.563
Haiti,2014,1.723
Haiti,2013,4.325
Haiti,2012,0.502
Haiti,2011,5.098
Haiti,2010,-5.652
Honduras,2023,2.9
Honduras,2022,4
Honduras,2021,12.534
Honduras,2020,-8.965
Honduras,2019,2.653
Honduras,2018,3.845
Honduras,2017,4.843
Honduras,2016,3.893
Honduras,2015,3.84
Honduras,2014,3.058
Honduras,2013,2.792
Honduras,2012,4.129
Honduras,2011,3.836
Honduras,2010,3.731
Hong Kong,2023,4.394
Hong Kong,2022,-3.476
Hong Kong,2021,6.442
Hong Kong,2020,-6.545
Hong Kong,2019,-1.672
Hong Kong,2018,2.847
Hong Kong,2017,3.796
Hong Kong,2016,2.175
Hong Kong,2015,2.388
Hong Kong,2014,2.762
Hong Kong,2013,3.102
Hong Kong,2012,1.7
Hong Kong,2011,4.815
Hong Kong,2010,6.768
Hungary,2023,-0.34
Hungary,2022,4.578
Hungary,2021,7.2
Hungary,2020,-4.536
Hungary,2019,4.864
Hungary,2018,5.362
Hungary,2017,4.272
Hungary,2016,2.201
Hungary,2015,3.707
Hungary,2014,4.232
Hungary,2013,1.803
Hungary,2012,-1.25
Hungary,2011,1.867
Hungary,2010,1.076
Iceland,2023,3.336
Iceland,2022,7.238
Iceland,2021,4.508
Iceland,2020,-7.216
Iceland,2019,1.861
Iceland,2018,4.889
Iceland,2017,4.195
Iceland,2016,6.304
Iceland,2015,4.437
Iceland,2014,1.687
Iceland,2013,4.552
Iceland,2012,1.064
Iceland,2011,1.846
Iceland,2010,-2.833
India,2023,6.332
India,2022,7.24
India,2021,9.05
India,2020,-5.831
India,2019,3.871
India,2018,6.454
India,2017,6.795
India,2016,8.256
India,2015,7.996
India,2014,7.41
India,2013,6.386
India,2012,5.456
India,2011,6.638
India,2010,10.26
Indonesia,2023,4.971
Indonesia,2022,5.309
Indonesia,2021,3.703
Indonesia,2020,-2.066
Indonesia,2019,5.019
Indonesia,2018,5.174
Indonesia,2017,5.07
Indonesia,2016,5.033
Indonesia,2015,4.876
Indonesia,2014,5.007
Indonesia,2013,5.557
Indonesia,2012,6.03
Indonesia,2011,6.17
Indonesia,2010,6.378
Iran,2023,2.976
Iran,2022,3.777
Iran,2021,4.72
Iran,2020,3.33
Iran,2019,-3.071
Iran,2018,-1.838
Iran,2017,2.759
Iran,2016,8.815
Iran,2015,-1.425
Iran,2014,4.985
Iran,2013,-1.522
Iran,2012,-3.747
Iran,2011,2.646
Iran,2010,5.798
Iraq,2023,-2.739
Iraq,2022,6.983
Iraq,2021,1.58
Iraq,2020,-12.055
Iraq,2019,5.368
Iraq,2018,4.703
Iraq,2017,-3.399
Iraq,2016,15.199
Iraq,2015,2.537
Iraq,2014,0.738
Iraq,2013,7.628
Iraq,2012,13.936
Iraq,2011,7.546
Iraq,2010,6.403
Ireland,2023,2.005
Ireland,2022,9.433
Ireland,2021,15.125
Ireland,2020,6.617
Ireland,2019,5.298
Ireland,2018,8.471
Ireland,2017,9.311
Ireland,2016,1.766
Ireland,2015,24.475
Ireland,2014,8.829
Ireland,2013,1.175
Ireland,2012,-0.129
Ireland,2011,1.281
Ireland,2010,1.682
Israel,2023,3.137
Israel,2022,6.47
Israel,2021,9.344
Israel,2020,-1.465
Israel,2019,3.785
Israel,2018,4.075
Israel,2017,4.273
Israel,2016,4.367
Israel,2015,2.314
Israel,2014,3.885
Israel,2013,4.231
Israel,2012,2.742
Israel,2011,5.561
Israel,2010,5.668
Italy,2023,0.673
Italy,2022,3.722
Italy,2021,6.987
Italy,2020,-8.979
Italy,2019,0.483
Italy,2018,0.926
Italy,2017,1.668
Italy,2016,1.293
Italy,2015,0.778
Italy,2014,-0.005
Italy,2013,-1.841
Italy,2012,-2.981
Italy,2011,0.707
Italy,2010,1.713
Jamaica,2023,2
Jamaica,2022,5.222
Jamaica,2021,4.601
Jamaica,2020,-9.92
Jamaica,2019,0.97
Jamaica,2018,1.827
Jamaica,2017,0.679
Jamaica,2016,1.498
Jamaica,2015,0.869
Jamaica,2014,0.575
Jamaica,2013,0.224
Jamaica,2012,-0.501
Jamaica,2011,1.426
Jamaica,2010,-1.435
Japan,2023,1.957
Japan,2022,1.047
Japan,2021,2.23
Japan,2020,-4.242
Japan,2019,-0.402
Japan,2018,0.643
Japan,2017,1.675
Japan,2016,0.754
Japan,2015,1.561
Japan,2014,0.296
Japan,2013,2.005
Japan,2012,1.375
Japan,2011,0.024
Japan,2010,4.098
Jordan,2023,2.6
Jordan,2022,2.504
Jordan,2021,2.223
Jordan,2020,-1.607
Jordan,2019,1.751
Jordan,2018,1.919
Jordan,2017,2.474
Jordan,2016,1.994
Jordan,2015,2.497
Jordan,2014,3.384
Jordan,2013,2.61
Jordan,2012,2.429
Jordan,2011,2.737
Jordan,2010,2.315
Kazakhstan,2023,4.559
Kazakhstan,2022,3.299
Kazakhstan,2021,4.1
Kazakhstan,2020,-2.6
Kazakhstan,2019,4.5
Kazakhstan,2018,4.1
Kazakhstan,2017,3.901
Kazakhstan,2016,0.9
Kazakhstan,2015,1
Kazakhstan,2014,4.3
Kazakhstan,2013,5.899
Kazakhstan,2012,5.001
Kazakhstan,2011,7.501
Kazakhstan,2010,7.299
Kenya,2023,4.966
Kenya,2022,4.847
Kenya,2021,7.59
Kenya,2020,-0.273
Kenya,2019,5.114
Kenya,2018,5.671
Kenya,2017,3.816
Kenya,2016,4.214
Kenya,2015,4.968
Kenya,2014,5.02
Kenya,2013,3.798
Kenya,2012,4.569
Kenya,2011,5.121
Kenya,2010,8.058
Kiribati,2023,2.577
Kiribati,2022,1.154
Kiribati,2021,7.886
Kiribati,2020,-1.384
Kiribati,2019,-2.146
Kiribati,2018,5.279
Kiribati,2017,-0.094
Kiribati,2016,-0.478
Kiribati,2015,9.865
Kiribati,2014,-1.096
Kiribati,2013,4.162
Kiribati,2012,5.136
Kiribati,2011,1.763
Kiribati,2010,-1.12
Korea,2023,1.445
Korea,2022,2.613
Korea,2021,4.305
Korea,2020,-0.709
Korea,2019,2.244
Korea,2018,2.907
Korea,2017,3.16
Korea,2016,2.947
Korea,2015,2.809
Korea,2014,3.202
Korea,2013,3.165
Korea,2012,2.403
Korea,2011,3.686
Korea,2010,6.805
Kosovo,2023,3.8
Kosovo,2022,3.511
Kosovo,2021,10.746
Kosovo,2020,-5.341
Kosovo,2019,4.757
Kosovo,2018,3.406
Kosovo,2017,4.825
Kosovo,2016,5.572
Kosovo,2015,5.916
Kosovo,2014,3.349
Kosovo,2013,5.34
Kosovo,2012,1.712
Kosovo,2011,6.32
Kosovo,2010,4.941
Kuwait,2023,-0.607
Kuwait,2022,8.863
Kuwait,2021,1.145
Kuwait,2020,-8.855
Kuwait,2019,-0.552
Kuwait,2018,2.434
Kuwait,2017,-4.712
Kuwait,2016,2.926
Kuwait,2015,0.593
Kuwait,2014,0.501
Kuwait,2013,1.149
Kuwait,2012,6.626
Kuwait,2011,9.628
Kuwait,2010,-2.371
Kyrgyzstan,2023,3.375
Kyrgyzstan,2022,6.332
Kyrgyzstan,2021,5.507
Kyrgyzstan,2020,-7.149
Kyrgyzstan,2019,4.601
Kyrgyzstan,2018,3.459
Kyrgyzstan,2017,4.74
Kyrgyzstan,2016,4.336
Kyrgyzstan,2015,3.876
Kyrgyzstan,2014,4.024
Kyrgyzstan,2013,10.915
Kyrgyzstan,2012,-0.088
Kyrgyzstan,2011,5.956
Kyrgyzstan,2010,-0.472
Laos,2023,3.967
Laos,2022,2.252
Laos,2021,2.061
Laos,2020,-0.435
Laos,2019,4.652
Laos,2018,6.289
Laos,2017,6.851
Laos,2016,7.023
Laos,2015,7.27
Laos,2014,7.612
Laos,2013,8.026
Laos,2012,7.805
Laos,2011,7.986
Laos,2010,8.018
Latvia,2023,0.5
Latvia,2022,2.763
Latvia,2021,4.277
Latvia,2020,-2.298
Latvia,2019,2.57
Latvia,2018,3.992
Latvia,2017,3.312
Latvia,2016,2.369
Latvia,2015,3.885
Latvia,2014,1.902
Latvia,2013,2.008
Latvia,2012,7.042
Latvia,2011,2.574
Latvia,2010,-4.456
Lebanon,2021,-10
Lebanon,2020,-25.907
Lebanon,2019,-6.915
Lebanon,2018,-1.885
Lebanon,2017,0.903
Lebanon,2016,1.556
Lebanon,2015,0.461
Lebanon,2014,2.485
Lebanon,2013,3.828
Lebanon,2012,2.564
Lebanon,2011,0.868
Lebanon,2010,7.974
Lesotho,2023,2.127
Lesotho,2022,2.12
Lesotho,2021,1.793
Lesotho,2020,-3.902
Lesotho,2019,-1.971
Lesotho,2018,-1.304
Lesotho,2017,-2.734
Lesotho,2016,1.877
Lesotho,2015,3.248
Lesotho,2014,2.068
Lesotho,2013,1.772
Lesotho,2012,5.146
Lesotho,2011,5.061
Lesotho,2010,5.1
Liberia,2023,4.557
Liberia,2022,4.811
Liberia,2021,5.011
Liberia,2020,-2.967
Liberia,2019,-2.516
Liberia,2018,1.242
Liberia,2017,2.469
Liberia,2016,-1.63
Liberia,2015,0.007
Liberia,2014,0.695
Liberia,2013,8.836
Liberia,2012,8.42
Liberia,2011,7.7
Liberia,2010,6.351
Libya,2023,12.548
Libya,2022,-9.62
Libya,2021,28.335
Libya,2020,-29.456
Libya,2019,-11.196
Libya,2018,7.941
Libya,2017,32.492
Libya,2016,-1.491
Libya,2015,-0.843
Libya,2014,-23.043
Libya,2013,-17.998
Libya,2012,86.827
Libya,2011,-50.339
Libya,2010,5.027
Lithuania,2023,-0.178
Lithuania,2022,1.888
Lithuania,2021,5.981
Lithuania,2020,-0.022
Lithuania,2019,4.625
Lithuania,2018,3.993
Lithuania,2017,4.283
Lithuania,2016,2.519
Lithuania,2015,2.025
Lithuania,2014,3.537
Lithuania,2013,3.55
Lithuania,2012,3.844
Lithuania,2011,6.039
Lithuania,2010,1.652
Luxembourg,2023,-0.442
Luxembourg,2022,1.38
Luxembourg,2021,7.168
Luxembourg,2020,-0.91
Luxembourg,2019,2.916
Luxembourg,2018,1.219
Luxembourg,2017,1.317
Luxembourg,2016,4.978
Luxembourg,2015,2.268
Luxembourg,2014,2.623
Luxembourg,2013,3.171
Luxembourg,2012,1.65
Luxembourg,2011,1.044
Luxembourg,2010,3.761
Macao,2023,74.4
Macao,2022,-26.761
Macao,2021,19.267
Macao,2020,-54.236
Macao,2019,-2.512
Macao,2018,6.465
Macao,2017,9.983
Macao,2016,-0.679
Macao,2015,-21.514
Macao,2014,-2.048
Macao,2013,10.753
Macao,2012,9.242
Macao,2011,21.617
Macao,2010,25.123
Madagascar,2023,4
Madagascar,2022,4
Madagascar,2021,5.74
Madagascar,2020,-7.138
Madagascar,2019,4.411
Madagascar,2018,3.194
Madagascar,2017,3.933
Madagascar,2016,3.993
Madagascar,2015,3.132
Madagascar,2014,3.339
Madagascar,2013,2.3
Madagascar,2012,3.011
Madagascar,2011,1.578
Madagascar,2010,0.619
Malawi,2023,1.7
Malawi,2022,0.8
Malawi,2021,4.567
Malawi,2020,0.913
Malawi,2019,5.448
Malawi,2018,4.392
Malawi,2017,4
Malawi,2016,2.27
Malawi,2015,2.95
Malawi,2014,5.7
Malawi,2013,5.2
Malawi,2012,1.886
Malawi,2011,4.854
Malawi,2010,6.874
Malaysia,2023,3.96
Malaysia,2022,8.65
Malaysia,2021,3.298
Malaysia,2020,-5.457
Malaysia,2019,4.413
Malaysia,2018,4.843
Malaysia,2017,5.813
Malaysia,2016,4.45
Malaysia,2015,5.007
Malaysia,2014,6.007
Malaysia,2013,4.694
Malaysia,2012,5.474
Malaysia,2011,5.293
Malaysia,2010,7.528
Maldives,2023,8.068
Maldives,2022,13.863
Maldives,2021,41.747
Maldives,2020,-33.361
Maldives,2019,6.884
Maldives,2018,8.123
Maldives,2017,7.21
Maldives,2016,6.338
Maldives,2015,2.885
Maldives,2014,7.33
Maldives,2013,7.281
Maldives,2012,2.517
Maldives,2011,8.567
Maldives,2010,7.267
Mali,2023,4.5
Mali,2022,3.704
Mali,2021,3.055
Mali,2020,-1.244
Mali,2019,4.765
Mali,2018,4.746
Mali,2017,5.305
Mali,2016,5.852
Mali,2015,6.172
Mali,2014,7.085
Mali,2013,2.295
Mali,2012,-0.836
Mali,2011,3.24
Mali,2010,5.413
Malta,2023,3.788
Malta,2022,6.916
Malta,2021,12.298
Malta,2020,-8.078
Malta,2019,7.059
Malta,2018,7.416
Malta,2017,10.869
Malta,2016,3.381
Malta,2015,9.608
Malta,2014,7.634
Malta,2013,5.473
Malta,2012,4.118
Malta,2011,0.467
Malta,2010,5.544
Marshall Islands,2023,3
Marshall Islands,2022,-4.454
Marshall Islands,2021,1.028
Marshall Islands,2020,-2.901
Marshall Islands,2019,10.314
Marshall Islands,2018,5.656
Marshall Islands,2017,3.735
Marshall Islands,2016,2.146
Marshall Islands,2015,2.1
Marshall Islands,2014,-1.163
Marshall Islands,2013,3.612
Marshall Islands,2012,-1.308
Marshall Islands,2011,-0.048
Marshall Islands,2010,5.422
Mauritania,2023,4.541
Mauritania,2022,6.461
Mauritania,2021,2.445
Mauritania,2020,-0.938
Mauritania,2019,5.429
Mauritania,2018,4.773
Mauritania,2017,6.271
Mauritania,2016,1.261
Mauritania,2015,5.376
Mauritania,2014,4.275
Mauritania,2013,4.151
Mauritania,2012,4.47
Mauritania,2011,4.173
Mauritania,2010,2.62
Mauritius,2023,5.092
Mauritius,2022,8.691
Mauritius,2021,3.399
Mauritius,2020,-14.598
Mauritius,2019,2.891
Mauritius,2018,4.007
Mauritius,2017,3.938
Mauritius,2016,3.862
Mauritius,2015,3.691
Mauritius,2014,3.827
Mauritius,2013,3.36
Mauritius,2012,3.496
Mauritius,2011,4.078
Mauritius,2010,4.377
Mexico,2023,3.177
Mexico,2022,3.898
Mexico,2021,5.838
Mexico,2020,-8.652
Mexico,2019,-0.278
Mexico,2018,1.972
Mexico,2017,1.872
Mexico,2016,1.772
Mexico,2015,2.702
Mexico,2014,2.504
Mexico,2013,0.852
Mexico,2012,3.553
Mexico,2011,3.444
Mexico,2010,4.971
Micronesia (country),2023,2.603
Micronesia (country),2022,-0.556
Micronesia (country),2021,-2.189
Micronesia (country),2020,-2.807
Micronesia (country),2019,1.2
Micronesia (country),2018,0.212
Micronesia (country),2017,2.682
Micronesia (country),2016,0.9
Micronesia (country),2015,4.622
Micronesia (country),2014,-2.306
Micronesia (country),2013,-3.68
Micronesia (country),2012,-1.867
Micronesia (country),2011,3.189
Micronesia (country),2010,2.259
Moldova,2023,2.009
Moldova,2022,-4.979
Moldova,2021,13.9
Moldova,2020,-8.3
Moldova,2019,3.6
Moldova,2018,4.1
Moldova,2017,4.2
Moldova,2016,4.409
Moldova,2015,-0.338
Moldova,2014,5
Moldova,2013,9.044
Moldova,2012,-0.59
Moldova,2011,5.818
Moldova,2010,7.1
Mongolia,2023,5.5
Mongolia,2022,5.033
Mongolia,2021,1.637
Mongolia,2020,-4.558
Mongolia,2019,5.602
Mongolia,2018,7.745
Mongolia,2017,5.637
Mongolia,2016,1.49
Mongolia,2015,2.41
Mongolia,2014,7.885
Mongolia,2013,11.649
Mongolia,2012,12.32
Mongolia,2011,17.291
Mongolia,2010,7.313
Montenegro,2023,4.5
Montenegro,2022,6.135
Montenegro,2021,13.043
Montenegro,2020,-15.307
Montenegro,2019,4.063
Montenegro,2018,5.078
Montenegro,2017,4.716
Montenegro,2016,2.949
Montenegro,2015,3.39
Montenegro,2014,1.784
Montenegro,2013,3.549
Montenegro,2012,-2.724
Montenegro,2011,3.2
Montenegro,2010,2.7
Morocco,2023,2.385
Morocco,2022,1.259
Morocco,2021,8.021
Morocco,2020,-7.178
Morocco,2019,2.891
Morocco,2018,3.066
Morocco,2017,5.058
Morocco,2016,0.521
Morocco,2015,4.345
Morocco,2014,2.669
Morocco,2013,4.535
Morocco,2012,3.01
Morocco,2011,5.246
Morocco,2010,3.816
Mozambique,2023,6.979
Mozambique,2022,4.191
Mozambique,2021,2.359
Mozambique,2020,-1.198
Mozambique,2019,2.315
Mozambique,2018,3.444
Mozambique,2017,3.741
Mozambique,2016,3.824
Mozambique,2015,6.723
Mozambique,2014,7.399
Mozambique,2013,6.964
Mozambique,2012,7.258
Mozambique,2011,7.417
Mozambique,2010,6.502
Myanmar,2023,2.583
Myanmar,2022,1.971
Myanmar,2021,-17.938
Myanmar,2020,3.189
Myanmar,2019,6.75
Myanmar,2018,6.405
Myanmar,2017,5.75
Myanmar,2016,6.408
Myanmar,2015,7.473
Myanmar,2014,8.2
Myanmar,2013,7.899
Myanmar,2012,6.486
Myanmar,2011,5.471
Myanmar,2010,5.247
Namibia,2023,2.818
Namibia,2022,4.56
Namibia,2021,3.525
Namibia,2020,-8.101
Namibia,2019,-0.839
Namibia,2018,1.06
Namibia,2017,-1.027
Namibia,2016,0.034
Namibia,2015,4.264
Namibia,2014,6.093
Namibia,2013,5.615
Namibia,2012,5.062
Namibia,2011,5.091
Namibia,2010,6.039
Nauru,2023,0.494
Nauru,2022,1.881
Nauru,2021,2.932
Nauru,2020,4.113
Nauru,2019,9.093
Nauru,2018,7.187
Nauru,2017,-5.917
Nauru,2016,7.988
Nauru,2015,-5.657
Nauru,2014,14.669
Nauru,2013,4.959
Nauru,2012,30.618
Nauru,2011,9.316
Nauru,2010,-0.254
Nepal,2023,0.772
Nepal,2022,5.613
Nepal,2021,4.838
Nepal,2020,-2.37
Nepal,2019,6.657
Nepal,2018,7.622
Nepal,2017,8.977
Nepal,2016,0.433
Nepal,2015,3.976
Nepal,2014,6.011
Nepal,2013,3.525
Nepal,2012,4.67
Nepal,2011,3.422
Nepal,2010,4.816
Netherlands,2023,0.552
Netherlands,2022,4.326
Netherlands,2021,6.192
Netherlands,2020,-3.885
Netherlands,2019,1.956
Netherlands,2018,2.361
Netherlands,2017,2.911
Netherlands,2016,2.192
Netherlands,2015,1.958
Netherlands,2014,1.424
Netherlands,2013,-0.127
Netherlands,2012,-1.031
Netherlands,2011,1.55
Netherlands,2010,1.341
New Zealand,2023,1.121
New Zealand,2022,2.652
New Zealand,2021,6.059
New Zealand,2020,-1.464
New Zealand,2019,3.072
New Zealand,2018,3.524
New Zealand,2017,3.46
New Zealand,2016,3.884
New Zealand,2015,3.691
New Zealand,2014,3.751
New Zealand,2013,2.327
New Zealand,2012,2.491
New Zealand,2011,1.799
New Zealand,2010,1.768
Nicaragua,2023,3.024
Nicaragua,2022,3.751
Nicaragua,2021,10.347
Nicaragua,2020,-1.766
Nicaragua,2019,-2.897
Nicaragua,2018,-3.363
Nicaragua,2017,4.396
Nicaragua,2016,4.798
Nicaragua,2015,4.792
Nicaragua,2014,4.785
Nicaragua,2013,4.927
Nicaragua,2012,6.496
Nicaragua,2011,6.317
Nicaragua,2010,4.41
Niger,2023,4.108
Niger,2022,11.904
Niger,2021,1.399
Niger,2020,3.55
Niger,2019,6.143
Niger,2018,7.007
Niger,2017,5.001
Niger,2016,5.741
Niger,2015,4.393
Niger,2014,6.644
Niger,2013,5.311
Niger,2012,10.542
Niger,2011,2.356
Niger,2010,8.581
Nigeria,2023,2.87
Nigeria,2022,3.252
Nigeria,2021,3.647
Nigeria,2020,-1.794
Nigeria,2019,2.208
Nigeria,2018,1.923
Nigeria,2017,0.806
Nigeria,2016,-1.617
Nigeria,2015,2.653
Nigeria,2014,6.31
Nigeria,2013,5.394
Nigeria,2012,4.279
Nigeria,2011,4.887
Nigeria,2010,11.259
North Macedonia,2023,2.5
North Macedonia,2022,2.147
North Macedonia,2021,3.931
North Macedonia,2020,-4.688
North Macedonia,2019,3.91
North Macedonia,2018,2.881
North Macedonia,2017,1.082
North Macedonia,2016,2.848
North Macedonia,2015,3.856
North Macedonia,2014,3.629
North Macedonia,2013,2.925
North Macedonia,2012,-0.456
North Macedonia,2011,2.34
North Macedonia,2010,3.359
Norway,2023,2.283
Norway,2022,3.277
Norway,2021,3.898
Norway,2020,-1.278
Norway,2019,1.124
Norway,2018,0.829
Norway,2017,2.464
Norway,2016,1.165
Norway,2015,1.857
Norway,2014,2.048
Norway,2013,1.016
Norway,2012,2.718
Norway,2011,1.106
Norway,2010,0.787
Oman,2023,1.178
Oman,2022,4.311
Oman,2021,3.092
Oman,2020,-3.378
Oman,2019,-1.13
Oman,2018,1.287
Oman,2017,0.304
Oman,2016,5.046
Oman,2015,5.017
Oman,2014,1.292
Oman,2013,5.227
Oman,2012,8.863
Oman,2011,2.894
Oman,2010,2.472
Pakistan,2023,-0.475
Pakistan,2022,6.103
Pakistan,2021,5.77
Pakistan,2020,-0.943
Pakistan,2019,3.12
Pakistan,2018,6.096
Pakistan,2017,4.609
Pakistan,2016,4.072
Pakistan,2015,3.812
Pakistan,2014,3.556
Pakistan,2013,3.856
Pakistan,2012,3.196
Pakistan,2011,3.204
Pakistan,2010,2.265
Palau,2023,0.8
Palau,2022,-1.964
Palau,2021,-13.362
Palau,2020,-7.04
Palau,2019,1.357
Palau,2018,1.261
Palau,2017,-3.514
Palau,2016,1.507
Palau,2015,9.549
Palau,2014,4.435
Palau,2013,-1.612
Palau,2012,1.868
Palau,2011,4.124
Palau,2010,-1.141
Palestine,2023,3
Palestine,2022,3.933
Palestine,2021,7.012
Palestine,2020,-11.318
Palestine,2019,1.363
Palestine,2018,1.227
Palestine,2017,1.419
Palestine,2016,8.865
Palestine,2015,3.721
Palestine,2014,-0.158
Palestine,2013,4.699
Palestine,2012,6.096
Palestine,2011,9.601
Palestine,2010,5.777
Panama,2023,6
Panama,2022,10.809
Panama,2021,15.836
Panama,2020,-17.668
Panama,2019,3.282
Panama,2018,3.685
Panama,2017,5.591
Panama,2016,4.953
Panama,2015,5.733
Panama,2014,5.067
Panama,2013,6.903
Panama,2012,9.779
Panama,2011,11.314
Panama,2010,5.828
Papua New Guinea,2023,3.048
Papua New Guinea,2022,4.348
Papua New Guinea,2021,0.07
Papua New Guinea,2020,-3.167
Papua New Guinea,2019,4.48
Papua New Guinea,2018,-0.279
Papua New Guinea,2017,3.535
Papua New Guinea,2016,5.492
Papua New Guinea,2015,6.576
Papua New Guinea,2014,13.544
Papua New Guinea,2013,3.825
Papua New Guinea,2012,4.657
Papua New Guinea,2011,1.108
Papua New Guinea,2010,10.128
Paraguay,2023,4.477
Paraguay,2022,0.075
Paraguay,2021,4.017
Paraguay,2020,-0.82
Paraguay,2019,-0.402
Paraguay,2018,3.204
Paraguay,2017,4.81
Paraguay,2016,4.268
Paraguay,2015,2.957
Paraguay,2014,5.301
Paraguay,2013,8.293
Paraguay,2012,-0.708
Paraguay,2011,4.286
Paraguay,2010,11.095
Peru,2023,1.13
Peru,2022,2.683
Peru,2021,13.35
Peru,2020,-10.953
Peru,2019,2.24
Peru,2018,3.97
Peru,2017,2.522
Peru,2016,3.954
Peru,2015,3.252
Peru,2014,2.384
Peru,2013,5.852
Peru,2012,6.142
Peru,2011,6.325
Peru,2010,8.334
Philippines,2023,5.321
Philippines,2022,7.57
Philippines,2021,5.715
Philippines,2020,-9.518
Philippines,2019,6.119
Philippines,2018,6.341
Philippines,2017,6.931
Philippines,2016,7.149
Philippines,2015,6.348
Philippines,2014,6.348
Philippines,2013,6.751
Philippines,2012,6.897
Philippines,2011,3.858
Philippines,2010,7.335
Poland,2023,0.564
Poland,2022,5.134
Poland,2021,6.935
Poland,2020,-2.02
Poland,2019,4.45
Poland,2018,5.945
Poland,2017,5.14
Poland,2016,2.954
Poland,2015,4.383
Poland,2014,3.837
Poland,2013,0.857
Poland,2012,1.545
Poland,2011,5.042
Poland,2010,2.935
Portugal,2023,2.282
Portugal,2022,6.687
Portugal,2021,5.503
Portugal,2020,-8.301
Portugal,2019,2.683
Portugal,2018,2.849
Portugal,2017,3.506
Portugal,2016,2.019
Portugal,2015,1.792
Portugal,2014,0.792
Portugal,2013,-0.923
Portugal,2012,-4.057
Portugal,2011,-1.696
Portugal,2010,1.738
Puerto Rico,2023,-0.7
Puerto Rico,2022,2
Puerto Rico,2021,0.206
Puerto Rico,2020,-4.352
Puerto Rico,2019,1.679
Puerto Rico,2018,-4.364
Puerto Rico,2017,-2.886
Puerto Rico,2016,-1.263
Puerto Rico,2015,-1.049
Puerto Rico,2014,-1.19
Puerto Rico,2013,-0.307
Puerto Rico,2012,0.029
Puerto Rico,2011,-0.359
Puerto Rico,2010,-0.413
Qatar,2023,2.429
Qatar,2022,4.898
Qatar,2021,1.523
Qatar,2020,-3.558
Qatar,2019,0.688
Qatar,2018,1.235
Qatar,2017,-1.498
Qatar,2016,3.064
Qatar,2015,4.753
Qatar,2014,5.334
Qatar,2013,5.556
Qatar,2012,4.73
Qatar,2011,11.302
Qatar,2010,17.746
Romania,2023,2.185
Romania,2022,4.743
Romania,2021,5.874
Romania,2020,-3.692
Romania,2019,3.844
Romania,2018,6.03
Romania,2017,8.213
Romania,2016,2.853
Romania,2015,3.163
Romania,2014,4.13
Romania,2013,0.249
Romania,2012,1.911
Romania,2011,4.534
Romania,2010,-3.913
Russia,2023,2.249
Russia,2022,-2.07
Russia,2021,5.614
Russia,2020,-2.654
Russia,2019,2.198
Russia,2018,2.806
Russia,2017,1.827
Russia,2016,0.194
Russia,2015,-1.973
Russia,2014,0.736
Russia,2013,1.755
Russia,2012,4.024
Russia,2011,3.876
Russia,2010,4.512
Rwanda,2023,6.17
Rwanda,2022,8.158
Rwanda,2021,10.88
Rwanda,2020,-3.38
Rwanda,2019,9.472
Rwanda,2018,8.539
Rwanda,2017,3.931
Rwanda,2016,5.969
Rwanda,2015,8.867
Rwanda,2014,6.154
Rwanda,2013,4.73
Rwanda,2012,8.639
Rwanda,2011,7.966
Rwanda,2010,7.328
Saint Kitts and Nevis,2023,4.899
Saint Kitts and Nevis,2022,8.823
Saint Kitts and Nevis,2021,-0.891
Saint Kitts and Nevis,2020,-14.561
Saint Kitts and Nevis,2019,4.05
Saint Kitts and Nevis,2018,2.053
Saint Kitts and Nevis,2017,0.017
Saint Kitts and Nevis,2016,3.91
Saint Kitts and Nevis,2015,0.717
Saint Kitts and Nevis,2014,7.587
Saint Kitts and Nevis,2013,5.706
Saint Kitts and Nevis,2012,-0.517
Saint Kitts and Nevis,2011,1.617
Saint Kitts and Nevis,2010,0.044
Saint Lucia,2023,3.225
Saint Lucia,2022,15.674
Saint Lucia,2021,11.315
Saint Lucia,2020,-23.586
Saint Lucia,2019,-0.2
Saint Lucia,2018,2.861
Saint Lucia,2017,3.379
Saint Lucia,2016,3.805
Saint Lucia,2015,-0.24
Saint Lucia,2014,1.303
Saint Lucia,2013,-2.222
Saint Lucia,2012,-0.379
Saint Lucia,2011,4.863
Saint Lucia,2010,0.508
Saint Vincent and the Grenadines,2023,6.23
Saint Vincent and the Grenadines,2022,5.5
Saint Vincent and the Grenadines,2021,0.754
Saint Vincent and the Grenadines,2020,-3.739
Saint Vincent and the Grenadines,2019,0.662
Saint Vincent and the Grenadines,2018,3.175
Saint Vincent and the Grenadines,2017,1.548
Saint Vincent and the Grenadines,2016,4.15
Saint Vincent and the Grenadines,2015,2.785
Saint Vincent and the Grenadines,2014,1.146
Saint Vincent and the Grenadines,2013,2.462
Saint Vincent and the Grenadines,2012,1.052
Saint Vincent and the Grenadines,2011,-0.612
Saint Vincent and the Grenadines,2010,-4.275
Samoa,2023,8.011
Samoa,2022,-5.31
Samoa,2021,-7.079
Samoa,2020,-3.109
Samoa,2019,4.452
Samoa,2018,-0.61
Samoa,2017,1.406
Samoa,2016,7.984
Samoa,2015,3.85
Samoa,2014,0.66
Samoa,2013,0.107
Samoa,2012,-3.732
Samoa,2011,3.849
Samoa,2010,2.533
San Marino,2023,2.218
San Marino,2022,5.037
San Marino,2021,14.228
San Marino,2020,-6.812
San Marino,2019,2.032
San Marino,2018,1.484
San Marino,2017,0.254
San Marino,2016,2.338
San Marino,2015,2.691
San Marino,2014,-0.649
San Marino,2013,-0.82
San Marino,2012,-7.233
San Marino,2011,-8.535
San Marino,2010,-5.811
Sao Tome and Principe,2023,0.5
Sao Tome and Principe,2022,0.065
Sao Tome and Principe,2021,1.899
Sao Tome and Principe,2020,2.625
Sao Tome and Principe,2019,2.014
Sao Tome and Principe,2018,4.378
Sao Tome and Principe,2017,4.113
Sao Tome and Principe,2016,5.177
Sao Tome and Principe,2015,1.54
Sao Tome and Principe,2014,4.906
Sao Tome and Principe,2013,5.12
Sao Tome and Principe,2012,2.943
Sao Tome and Principe,2011,1.999
Sao Tome and Principe,2010,1.448
Saudi Arabia,2023,0.762
Saudi Arabia,2022,8.744
Saudi Arabia,2021,3.922
Saudi Arabia,2020,-4.341
Saudi Arabia,2019,0.832
Saudi Arabia,2018,2.762
Saudi Arabia,2017,-0.07
Saudi Arabia,2016,2.363
Saudi Arabia,2015,4.69
Saudi Arabia,2014,4.028
Saudi Arabia,2013,2.85
Saudi Arabia,2012,5.427
Saudi Arabia,2011,10.994
Saudi Arabia,2010,5.039
Senegal,2023,4.102
Senegal,2022,4
Senegal,2021,6.54
Senegal,2020,1.342
Senegal,2019,4.614
Senegal,2018,6.209
Senegal,2017,7.407
Senegal,2016,6.356
Senegal,2015,6.367
Senegal,2014,6.224
Senegal,2013,2.412
Senegal,2012,4.003
Senegal,2011,1.334
Senegal,2010,3.391
Serbia,2023,1.972
Serbia,2022,2.251
Serbia,2021,7.55
Serbia,2020,-0.903
Serbia,2019,4.332
Serbia,2018,4.495
Serbia,2017,2.101
Serbia,2016,3.339
Serbia,2015,1.806
Serbia,2014,-1.59
Serbia,2013,2.893
Serbia,2012,-0.682
Serbia,2011,2.036
Serbia,2010,0.731
Seychelles,2023,4.16
Seychelles,2022,8.91
Seychelles,2021,2.52
Seychelles,2020,-8.458
Seychelles,2019,5.155
Seychelles,2018,6.159
Seychelles,2017,6.553
Seychelles,2016,12.705
Seychelles,2015,9.69
Seychelles,2014,4.72
Seychelles,2013,6.403
Seychelles,2012,3.82
Seychelles,2011,5.684
Seychelles,2010,6.321
Sierra Leone,2023,2.748
Sierra Leone,2022,3.988
Sierra Leone,2021,4.105
Sierra Leone,2020,-1.969
Sierra Leone,2019,5.254
Sierra Leone,2018,3.465
Sierra Leone,2017,3.765
Sierra Leone,2016,6.354
Sierra Leone,2015,-20.493
Sierra Leone,2014,4.555
Sierra Leone,2013,20.72
Sierra Leone,2012,15.178
Sierra Leone,2011,6.312
Sierra Leone,2010,5.347
Singapore,2023,1.04
Singapore,2022,3.647
Singapore,2021,8.882
Singapore,2020,-3.901
Singapore,2019,1.331
Singapore,2018,3.575
Singapore,2017,4.545
Singapore,2016,3.602
Singapore,2015,2.977
Singapore,2014,3.936
Singapore,2013,4.818
Singapore,2012,4.435
Singapore,2011,6.215
Singapore,2010,14.52
Slovakia,2023,1.33
Slovakia,2022,1.669
Slovakia,2021,4.863
Slovakia,2020,-3.336
Slovakia,2019,2.51
Slovakia,2018,4.031
Slovakia,2017,2.938
Slovakia,2016,1.944
Slovakia,2015,5.167
Slovakia,2014,2.697
Slovakia,2013,0.633
Slovakia,2012,1.319
Slovakia,2011,2.671
Slovakia,2010,6.717
Slovenia,2023,2.034
Slovenia,2022,2.461
Slovenia,2021,8.228
Slovenia,2020,-4.241
Slovenia,2019,3.523
Slovenia,2018,4.454
Slovenia,2017,4.816
Slovenia,2016,3.192
Slovenia,2015,2.21
Slovenia,2014,2.768
Slovenia,2013,-1.029
Slovenia,2012,-2.639
Slovenia,2011,0.861
Slovenia,2010,1.344
Solomon Islands,2023,2.506
Solomon Islands,2022,-4.071
Solomon Islands,2021,-0.565
Solomon Islands,2020,-3.382
Solomon Islands,2019,1.749
Solomon Islands,2018,2.745
Solomon Islands,2017,3.077
Solomon Islands,2016,5.556
Solomon Islands,2015,1.678
Solomon Islands,2014,1.186
Solomon Islands,2013,5.237
Solomon Islands,2012,1.367
Solomon Islands,2011,7.267
Solomon Islands,2010,8.616
Somalia,2023,2.8
Somalia,2022,2.433
Somalia,2021,3.308
Somalia,2020,-2.56
Somalia,2019,3.627
Somalia,2018,2.994
Somalia,2017,9.5
Somalia,2016,-1.275
Somalia,2015,4.59
Somalia,2014,2.748
Somalia,2013,5.654
Somalia,2012,1.2
South Africa,2023,0.929
South Africa,2022,1.91
South Africa,2021,4.703
South Africa,2020,-5.963
South Africa,2019,0.26
South Africa,2018,1.557
South Africa,2017,1.158
South Africa,2016,0.665
South Africa,2015,1.322
South Africa,2014,1.414
South Africa,2013,2.485
South Africa,2012,2.396
South Africa,2011,3.169
South Africa,2010,3.04
South Sudan,2023,3.482
South Sudan,2022,0.476
South Sudan,2021,5.329
South Sudan,2020,-6.494
South Sudan,2019,0.856
South Sudan,2018,-2.149
South Sudan,2017,-5.794
South Sudan,2016,-13.299
South Sudan,2015,-0.231
South Sudan,2014,1.556
South Sudan,2013,27.272
South Sudan,2012,-50.319
Spain,2023,2.453
Spain,2022,5.771
Spain,2021,6.4
Spain,2020,-11.165
Spain,2019,1.983
Spain,2018,2.283
Spain,2017,2.977
Spain,2016,3.038
Spain,2015,3.837
Spain,2014,1.398
Spain,2013,-1.401
Spain,2012,-2.962
Spain,2011,-0.814
Spain,2010,0.165
Sri Lanka,2022,-7.824
Sri Lanka,2021,3.512
Sri Lanka,2020,-4.625
Sri Lanka,2019,-0.22
Sri Lanka,2018,2.31
Sri Lanka,2017,6.461
Sri Lanka,2016,5.054
Sri Lanka,2015,4.206
Sri Lanka,2014,6.378
Sri Lanka,2013,4.052
Sri Lanka,2012,8.632
Sri Lanka,2011,8.669
Sri Lanka,2010,8.016
Sudan,2023,-18.3
Sudan,2022,-2.5
Sudan,2021,0.5
Sudan,2020,-3.63
Sudan,2019,-2.5
Sudan,2018,-2.29
Sudan,2017,0.768
Sudan,2016,4.7
Sudan,2015,4.906
Sudan,2014,4.661
Sudan,2013,1.955
Sudan,2012,-17.005
Sudan,2011,-3.214
Sudan,2010,3.858
Suriname,2023,2.148
Suriname,2022,1.028
Suriname,2021,-2.742
Suriname,2020,-15.906
Suriname,2019,1.098
Suriname,2018,4.948
Suriname,2017,1.566
Suriname,2016,-4.912
Suriname,2015,-3.414
Suriname,2014,0.254
Suriname,2013,2.931
Suriname,2012,2.697
Suriname,2011,5.847
Suriname,2010,5.163
Sweden,2023,-0.688
Sweden,2022,2.832
Sweden,2021,6.147
Sweden,2020,-2.17
Sweden,2019,1.986
Sweden,2018,1.95
Sweden,2017,2.568
Sweden,2016,2.071
Sweden,2015,4.489
Sweden,2014,2.658
Sweden,2013,1.188
Sweden,2012,-0.588
Sweden,2011,3.195
Sweden,2010,5.952
Switzerland,2023,0.866
Switzerland,2022,2.665
Switzerland,2021,5.393
Switzerland,2020,-2.276
Switzerland,2019,1.159
Switzerland,2018,2.856
Switzerland,2017,1.435
Switzerland,2016,2.083
Switzerland,2015,1.576
Switzerland,2014,2.32
Switzerland,2013,1.84
Switzerland,2012,1.204
Switzerland,2011,1.905
Switzerland,2010,3.203
Syria,2010,3.44
Taiwan,2023,0.843
Taiwan,2022,2.354
Taiwan,2021,6.528
Taiwan,2020,3.387
Taiwan,2019,3.064
Taiwan,2018,2.787
Taiwan,2017,3.311
Taiwan,2016,2.165
Taiwan,2015,1.466
Taiwan,2014,4.719
Taiwan,2013,2.484
Taiwan,2012,2.222
Taiwan,2011,3.674
Taiwan,2010,10.245
Tajikistan,2023,6.5
Tajikistan,2022,8
Tajikistan,2021,9.4
Tajikistan,2020,4.39
Tajikistan,2019,7.4
Tajikistan,2018,7.6
Tajikistan,2017,7.1
Tajikistan,2016,6.9
Tajikistan,2015,6
Tajikistan,2014,6.7
Tajikistan,2013,7.4
Tajikistan,2012,7.5
Tajikistan,2011,7.4
Tajikistan,2010,6.5
Tanzania,2023,5.215
Tanzania,2022,4.691
Tanzania,2021,4.947
Tanzania,2020,4.816
Tanzania,2019,6.989
Tanzania,2018,6.959
Tanzania,2017,6.773
Tanzania,2016,6.867
Tanzania,2015,6.161
Tanzania,2014,6.732
Tanzania,2013,6.782
Tanzania,2012,5.141
Tanzania,2011,7.905
Tanzania,2010,6.359
Thailand,2023,2.7
Thailand,2022,2.643
Thailand,2021,1.468
Thailand,2020,-6.067
Thailand,2019,2.115
Thailand,2018,4.223
Thailand,2017,4.178
Thailand,2016,3.435
Thailand,2015,3.134
Thailand,2014,0.984
Thailand,2013,2.687
Thailand,2012,7.243
Thailand,2011,0.84
Thailand,2010,7.513
Togo,2023,5.4
Togo,2022,5.811
Togo,2021,5.991
Togo,2020,1.976
Togo,2019,4.923
Togo,2018,4.795
Togo,2017,4.008
Togo,2016,5.734
Togo,2015,5.468
Togo,2014,5.633
Togo,2013,5.824
Togo,2012,6.303
Togo,2011,5.823
Togo,2010,5.854
Tonga,2023,2.558
Tonga,2022,-1.962
Tonga,2021,-2.667
Tonga,2020,0.489
Tonga,2019,0.706
Tonga,2018,0.241
Tonga,2017,3.322
Tonga,2016,6.571
Tonga,2015,1.172
Tonga,2014,2.019
Tonga,2013,0.312
Tonga,2012,0.823
Tonga,2011,6.818
Tonga,2010,0.803
Trinidad and Tobago,2023,2.507
Trinidad and Tobago,2022,1.482
Trinidad and Tobago,2021,-1.037
Trinidad and Tobago,2020,-9.078
Trinidad and Tobago,2019,0.361
Trinidad and Tobago,2018,-0.602
Trinidad and Tobago,2017,-4.801
Trinidad and Tobago,2016,-7.527
Trinidad and Tobago,2015,0.978
Trinidad and Tobago,2014,3.936
Trinidad and Tobago,2013,3.504
Trinidad and Tobago,2012,3.467
Trinidad and Tobago,2011,-0.192
Trinidad and Tobago,2010,3.461
Tunisia,2023,1.312
Tunisia,2022,2.522
Tunisia,2021,4.405
Tunisia,2020,-8.818
Tunisia,2019,1.588
Tunisia,2018,2.625
Tunisia,2017,2.238
Tunisia,2016,1.117
Tunisia,2015,0.968
Tunisia,2014,3.09
Tunisia,2013,2.43
Tunisia,2012,4.217
Tunisia,2011,-2.047
Tunisia,2010,3.511
Turkey,2023,3.957
Turkey,2022,5.533
Turkey,2021,11.439
Turkey,2020,1.86
Turkey,2019,0.819
Turkey,2018,3.013
Turkey,2017,7.502
Turkey,2016,3.323
Turkey,2015,6.084
Turkey,2014,4.94
Turkey,2013,8.486
Turkey,2012,4.788
Turkey,2011,11.2
Turkey,2010,8.427
Turkmenistan,2023,2.458
Turkmenistan,2022,1.624
Turkmenistan,2021,4.62
Turkmenistan,2020,-2.937
Turkmenistan,2019,-3.389
Turkmenistan,2018,0.882
Turkmenistan,2017,4.707
Turkmenistan,2016,-0.977
Turkmenistan,2015,2.986
Turkmenistan,2014,3.842
Turkmenistan,2013,-0.337
Turkmenistan,2012,6.133
Turkmenistan,2011,12.852
Turkmenistan,2010,16.194
Tuvalu,2023,3.853
Tuvalu,2022,0.677
Tuvalu,2021,1.804
Tuvalu,2020,-4.275
Tuvalu,2019,13.822
Tuvalu,2018,1.387
Tuvalu,2017,3.28
Tuvalu,2016,4.746
Tuvalu,2015,9.379
Tuvalu,2014,1.667
Tuvalu,2013,3.805
Tuvalu,2012,-2.853
Tuvalu,2011,7.52
Tuvalu,2010,-2.468
Uganda,2023,4.568
Uganda,2022,6.434
Uganda,2021,5.717
Uganda,2020,-1.193
Uganda,2019,7.638
Uganda,2018,5.565
Uganda,2017,6.797
Uganda,2016,0.167
Uganda,2015,8.004
Uganda,2014,5.745
Uganda,2013,3.938
Uganda,2012,2.333
Uganda,2011,7.677
Uganda,2010,7.484
Ukraine,2023,2
Ukraine,2022,-29.069
Ukraine,2021,3.433
Ukraine,2020,-3.753
Ukraine,2019,3.199
Ukraine,2018,3.488
Ukraine,2017,2.36
Ukraine,2016,2.417
Ukraine,2015,-9.788
Ukraine,2014,-6.575
Ukraine,2013,0.002
Ukraine,2012,0.224
Ukraine,2011,5.46
Ukraine,2010,4.1
United Arab Emirates,2023,3.384
United Arab Emirates,2022,7.85
United Arab Emirates,2021,4.355
United Arab Emirates,2020,-4.957
United Arab Emirates,2019,1.108
United Arab Emirates,2018,1.314
United Arab Emirates,2017,0.735
United Arab Emirates,2016,5.561
United Arab Emirates,2015,6.787
United Arab Emirates,2014,4.166
United Arab Emirates,2013,5.056
United Arab Emirates,2012,1.824
United Arab Emirates,2011,6.216
United Arab Emirates,2010,5.284
United Kingdom,2023,0.48
United Kingdom,2022,4.102
United Kingdom,2021,7.597
United Kingdom,2020,-11.031
United Kingdom,2019,1.604
United Kingdom,2018,1.705
United Kingdom,2017,2.444
United Kingdom,2016,2.165
United Kingdom,2015,2.393
United Kingdom,2014,3.2
United Kingdom,2013,1.82
United Kingdom,2012,1.448
United Kingdom,2011,1.068
United Kingdom,2010,2.43
United States,2023,2.085
United States,2022,2.062
United States,2021,5.947
United States,2020,-2.768
United States,2019,2.295
United States,2018,2.945
United States,2017,2.242
United States,2016,1.668
United States,2015,2.707
United States,2014,2.288
United States,2013,1.842
United States,2012,2.281
United States,2011,1.55
United States,2010,2.709
Uruguay,2023,0.999
Uruguay,2022,4.922
Uruguay,2021,5.277
Uruguay,2020,-6.263
Uruguay,2019,0.744
Uruguay,2018,0.156
Uruguay,2017,1.74
Uruguay,2016,1.69
Uruguay,2015,0.371
Uruguay,2014,3.239
Uruguay,2013,4.638
Uruguay,2012,3.538
Uruguay,2011,5.162
Uruguay,2010,7.803
Uzbekistan,2023,5.489
Uzbekistan,2022,5.669
Uzbekistan,2021,7.403
Uzbekistan,2020,1.996
Uzbekistan,2019,5.982
Uzbekistan,2018,5.88
Uzbekistan,2017,4.395
Uzbekistan,2016,5.932
Uzbekistan,2015,7.219
Uzbekistan,2014,6.874
Uzbekistan,2013,7.297
Uzbekistan,2012,7.102
Uzbekistan,2011,7.525
Uzbekistan,2010,7.094
Vanuatu,2023,1.484
Vanuatu,2022,1.85
Vanuatu,2021,0.648
Vanuatu,2020,-4.992
Vanuatu,2019,3.241
Vanuatu,2018,2.9
Vanuatu,2017,6.317
Vanuatu,2016,4.689
Vanuatu,2015,0.367
Vanuatu,2014,3.137
Vanuatu,2013,0.463
Vanuatu,2012,1.01
Vanuatu,2011,3.14
Vanuatu,2010,1.259
Venezuela,2023,4
Venezuela,2022,8
Venezuela,2021,1
Venezuela,2020,-29.995
Venezuela,2019,-27.67
Venezuela,2018,-19.655
Venezuela,2017,-15.671
Venezuela,2016,-17.04
Venezuela,2015,-6.221
Venezuela,2014,-3.894
Venezuela,2013,1.343
Venezuela,2012,5.626
Venezuela,2011,4.176
Venezuela,2010,-1.489
Vietnam,2023,4.7
Vietnam,2022,8.02
Vietnam,2021,2.56
Vietnam,2020,2.867
Vietnam,2019,7.359
Vietnam,2018,7.465
Vietnam,2017,6.94
Vietnam,2016,6.69
Vietnam,2015,6.987
Vietnam,2014,6.422
Vietnam,2013,5.554
Vietnam,2012,5.505
Vietnam,2011,6.413
Vietnam,2010,6.423
Yemen,2023,-0.5
Yemen,2022,1.5
Yemen,2021,-1
Yemen,2020,-8.5
Yemen,2019,2.1
Yemen,2018,0.752
Yemen,2017,-5.072
Yemen,2016,-9.375
Yemen,2015,-27.995
Yemen,2014,-0.189
Yemen,2013,4.824
Yemen,2012,2.393
Yemen,2011,-12.715
Yemen,2010,7.702
Zambia,2023,3.554
Zambia,2022,4.737
Zambia,2021,4.599
Zambia,2020,-2.785
Zambia,2019,1.441
Zambia,2018,4.035
Zambia,2017,3.504
Zambia,2016,3.777
Zambia,2015,2.92
Zambia,2014,4.698
Zambia,2013,5.057
Zambia,2012,7.598
Zambia,2011,5.565
Zambia,2010,10.298
Zimbabwe,2023,4.139
Zimbabwe,2022,6.225
Zimbabwe,2021,8.427
Zimbabwe,2020,-7.782
Zimbabwe,2019,-6.307
Zimbabwe,2018,4.987
Zimbabwe,2017,5.176
Zimbabwe,2016,0.756
Zimbabwe,2015,1.794
Zimbabwe,2014,2.394
Zimbabwe,2013,1.975
Zimbabwe,2012,16.658
Zimbabwe,2011,14.197
Zimbabwe,2010,19.683
